cluster,proteina,bacteria,quantidade
7805,co-chaperone GroES resistencia estresse,Lactiplantibacillus pentosus,1
7805,co-chaperone GroES estresse calor,Lacticaseibacillus casei FBL6,3
7805,co-chaperone GroES estresse calor,Lacticaseibacillus zeae FBL8,3
7805,co-chaperone GroES estresse calor,Lacticaseibacillus chiayiensis FBL7,3
7831,F0F1 ATP synthase subunit C resistencia acido gastro,Lacticaseibacillus casei FBL6,3
7831,F0F1 ATP synthase subunit C resistencia acido gastro,Lacticaseibacillus zeae FBL8,3
7831,F0F1 ATP synthase subunit C resistencia acido gastro,Lacticaseibacillus chiayiensis FBL7,3
7833,F0F1 ATP synthase subunit alpha resistencia acido gastro,Lacticaseibacillus casei FBL6,3
7833,F0F1 ATP synthase subunit alpha resistencia acido gastro,Lacticaseibacillus zeae FBL8,3
7833,F0F1 ATP synthase subunit alpha resistencia acido gastro,Lacticaseibacillus chiayiensis FBL7,3
7835,F0F1 ATP synthase subunit beta resistencia acido gastro,Lacticaseibacillus casei FBL6,3
7835,F0F1 ATP synthase subunit beta resistencia acido gastro,Lacticaseibacillus zeae FBL8,3
7835,F0F1 ATP synthase subunit beta resistencia acido gastro,Lacticaseibacillus chiayiensis FBL7,3
7874,elongation factor Tu adesao,Lactiplantibacillus pentosus,4
7874,elongation factor Tu adesao,Lacticaseibacillus casei FBL6,4
7874,elongation factor Tu adesao,Lacticaseibacillus zeae FBL8,4
7874,elongation factor Tu adesao,Lacticaseibacillus chiayiensis FBL7,4
7905,chaperonin GroEL resistencia estresse,Lactiplantibacillus pentosus,1
7905,chaperonin GroEL estresse calor,Lacticaseibacillus casei FBL6,3
7905,chaperonin GroEL estresse calor,Lacticaseibacillus zeae FBL8,3
7905,chaperonin GroEL estresse calor,Lacticaseibacillus chiayiensis FBL7,3
8032,molecular chaperone DnaK adesao,Lactiplantibacillus pentosus,1
8032,molecular chaperone DnaK estresse calor,Lacticaseibacillus casei FBL6,3
8032,molecular chaperone DnaK estresse calor,Lacticaseibacillus zeae FBL8,3
8032,molecular chaperone DnaK estresse calor,Lacticaseibacillus chiayiensis FBL7,3
8261,phosphoketolase family protein metabolismo carbono,Lactiplantibacillus pentosus,2
8261,phosphoketolase family protein metabolismo carbono,Lactiplantibacillus pentosus,2
9179,NAD(P)-dependent oxidoreductase EPS,Lacticaseibacillus rhamnosus,1
9181,glucose-1-phosphate thymidylyltransferase EPS,Lacticaseibacillus rhamnosus,1
9452,glucose-6-phosphate isomerase metabolismo carbono,Lactiplantibacillus pentosus,1
9507,dTDP-glucose 4,6-dehydratase EPS,Lacticaseibacillus rhamnosus,1
55385,catalase antimicrobiana,Lactiplantibacillus pentosus,1
55515,Beta-galactosidase beta galactosidase,Bifidobacterium breve,1
55515,Beta-galactosidase beta galactosidase,Bifidobacterium breve,1
55590,dipeptidase acido biliar,Bifidobacterium bifidum VKPM=Ac-1579,3
55590,dipeptidase acido biliar,Bifidobacterium bifidum VKPM=Ac-1579,3
55590,dipeptidase acido biliar,Bifidobacterium longum VKPM=Ac-1635,3
55590,dipeptidase acido biliar,Bifidobacterium longum VKPM=Ac-1635,3
55590,dipeptidase acido biliar,Bifidobacterium bifidum VKPM=Ac-1784,3
55590,dipeptidase acido biliar,Bifidobacterium bifidum VKPM=Ac-1784,3
56879,Beta-galactosidase  beta galactosidase,Bifidobacterium breve,1
56945,choloylglycine hydrolase acido biliar,Bifidobacterium adolescentis VKPM=Ac-1245,4
56945,choloylglycine hydrolase acido biliar,Bifidobacterium bifidum VKPM=Ac-1579,4
56945,choloylglycine hydrolase acido biliar,Bifidobacterium longum VKPM=Ac-1635,4
56945,choloylglycine hydrolase acido biliar,Bifidobacterium bifidum VKPM=Ac-1784,4
56958,Phospholipase, patatin family fosfolipase,Bifidobacterium breve,1
57156,Phospholipase/carboxylesterase family protein fosfolipase,Bifidobacterium breve,1
57156,Phospholipase/carboxylesterase family protein fosfolipase,Bifidobacterium breve,1
57156,Phospholipase/carboxylesterase family protein fosfolipase,Bifidobacterium breve,1
57216,dipeptidase acido biliar,Bifidobacterium adolescentis VKPM=Ac-1245,4
57216,dipeptidase acido biliar,Bifidobacterium bifidum VKPM=Ac-1579,4
57216,dipeptidase acido biliar,Bifidobacterium bifidum VKPM=Ac-1579,4
57216,dipeptidase acido biliar,Bifidobacterium longum VKPM=Ac-1635,4
57216,dipeptidase acido biliar,Bifidobacterium longum VKPM=Ac-1635,4
57216,dipeptidase acido biliar,Bifidobacterium bifidum VKPM=Ac-1784,4
57216,dipeptidase acido biliar,Bifidobacterium bifidum VKPM=Ac-1784,4
57627,MFS transporter acido biliar,Bifidobacterium adolescentis VKPM=Ac-1245,4
57627,MFS transporter acido biliar,Bifidobacterium bifidum VKPM=Ac-1579,4
57627,MFS transporter acido biliar,Bifidobacterium longum VKPM=Ac-1635,4
57627,MFS transporter acido biliar,Bifidobacterium bifidum VKPM=Ac-1784,4
58009,Alpha-mannosidase manosidase,Bifidobacterium breve,1
59457,ManA1 manosidases,Bifidobacterium breve,1
60253,Putative lysophospholipase fosfolipase,Bifidobacterium breve,1
60766,Phospholipase/carboxylesterase family protein fosfolipase,Bifidobacterium breve,1
60766,Phospholipase/carboxylesterase family protein fosfolipase,Bifidobacterium breve,1
60766,Phospholipase/carboxylesterase family protein fosfolipase,Bifidobacterium breve,1
71965,Phospholipase/carboxylesterase family protein fosfolipase,Bifidobacterium breve,1
71965,Phospholipase/carboxylesterase family protein fosfolipase,Bifidobacterium breve,1
71965,Phospholipase/carboxylesterase family protein fosfolipase,Bifidobacterium breve,1
71989,Sialidase A sialidase,Bifidobacterium breve,1
72004,Beta-galactosidase beta galactosidase,Bifidobacterium breve,1
72004,Beta-galactosidase beta galactosidase,Bifidobacterium breve,1
72057,Alpha-1,3/4-fucosidase, putative fucosidase,Bifidobacterium breve,1
72324,Putative extracellular lysophospholipase fosfolipase,Bifidobacterium breve,1
110143,triose-phosphate isomerase metabolismo carbono,Lactiplantibacillus pentosus,1
110517,F0F1 ATP synthase subunit gamma resistencia acido gastro,Lacticaseibacillus casei FBL6,3
110517,F0F1 ATP synthase subunit gamma resistencia acido gastro,Lacticaseibacillus zeae FBL8,3
110517,F0F1 ATP synthase subunit gamma resistencia acido gastro,Lacticaseibacillus chiayiensis FBL7,3
110682,hypothetical protein BVH57_08230 adesao,Lacticaseibacillus rhamnosus,1
110899,UDP-phosphate galactose phosphotransferase EPS,Lacticaseibacillus rhamnosus,1
110940,F0F1 ATP synthase subunit epsilon resistencia acido gastro,Lacticaseibacillus casei FBL6,3
110940,F0F1 ATP synthase subunit epsilon resistencia acido gastro,Lacticaseibacillus zeae FBL8,3
110940,F0F1 ATP synthase subunit epsilon resistencia acido gastro,Lacticaseibacillus chiayiensis FBL7,3
111216,Hsp33 family molecular chaperone HslO estresse calor,Lacticaseibacillus casei FBL6,3
111216,Hsp33 family molecular chaperone HslO estresse calor,Lacticaseibacillus zeae FBL8,3
111216,Hsp33 family molecular chaperone HslO estresse calor,Lacticaseibacillus chiayiensis FBL7,3
111857,dTDP-4-dehydrorhamnose 3,5-epimerase EPS,Lacticaseibacillus rhamnosus,1
112872,F0F1 ATP synthase subunit A resistencia acido gastro,Lacticaseibacillus casei FBL6,3
112872,F0F1 ATP synthase subunit A resistencia acido gastro,Lacticaseibacillus zeae FBL8,3
112872,F0F1 ATP synthase subunit A resistencia acido gastro,Lacticaseibacillus chiayiensis FBL7,3
113610,UDP-N-acetylglucosamine 2-epimerase (non-hydrolyzing) EPS,Lacticaseibacillus rhamnosus,1
115834,nucleotide exchange factor GrpE estresse calor,Lacticaseibacillus casei FBL6,3
115834,nucleotide exchange factor GrpE estresse calor,Lacticaseibacillus zeae FBL8,3
115834,nucleotide exchange factor GrpE estresse calor,Lacticaseibacillus chiayiensis FBL7,3
115915,F0F1 ATP synthase subunit delta resistencia acido gastro,Lacticaseibacillus casei FBL6,3
115915,F0F1 ATP synthase subunit delta resistencia acido gastro,Lacticaseibacillus zeae FBL8,3
115915,F0F1 ATP synthase subunit delta resistencia acido gastro,Lacticaseibacillus chiayiensis FBL7,3
115916,F0F1 ATP synthase subunit B resistencia acido gastro,Lacticaseibacillus casei FBL6,3
115916,F0F1 ATP synthase subunit B resistencia acido gastro,Lacticaseibacillus zeae FBL8,3
115916,F0F1 ATP synthase subunit B resistencia acido gastro,Lacticaseibacillus chiayiensis FBL7,3
116045,1,4-beta-N-acetylmuramidase EPS,Lacticaseibacillus rhamnosus,1
116046,glycosyltransferase EPS,Lacticaseibacillus rhamnosus,1
116046,glycosyltransferase EPS,Lacticaseibacillus rhamnosus,1
116048,glycosyl transferase EPS,Lacticaseibacillus rhamnosus,1
116048,glycosyl transferase EPS,Lacticaseibacillus rhamnosus,1
116048,glycosyl transferase EPS,Lacticaseibacillus rhamnosus,1
116048,glycosyl transferase EPS,Lacticaseibacillus rhamnosus,1
116048,glycosyl transferase EPS,Lacticaseibacillus rhamnosus,1
116048,glycosyl transferase EPS,Lacticaseibacillus rhamnosus,1
116048,glycosyl transferase EPS,Lacticaseibacillus rhamnosus,1
116049,glycosyl transferase family 2 EPS,Lacticaseibacillus rhamnosus,1
116055,tyrosine protein phosphatase EPS,Lacticaseibacillus rhamnosus,1
116056,transcriptional regulator EPS,Lacticaseibacillus rhamnosus,1
116149,linear amide C-N hydrolase/choloylglycine hydrolase (BHS) acido biliar,Lacticaseibacillus casei FBL6,3
116149,linear amide C-N hydrolase/choloylglycine hydrolase (BHS) acido biliar,Lacticaseibacillus zeae FBL8,3
116149,linear amide C-N hydrolase/choloylglycine hydrolase (BHS) acido biliar,Lacticaseibacillus chiayiensis FBL7,3
116357,peptidase S41 adesao,Lacticaseibacillus rhamnosus,1
116363,peptidase M23 adesao,Lacticaseibacillus rhamnosus,1
116551,exopolysaccharide biosynthesis protein EPS,Lacticaseibacillus rhamnosus,1
116552,capsular biosynthesis protein EPS,Lacticaseibacillus rhamnosus,1
116559,cell surface protein adesao,Lacticaseibacillus rhamnosus,1
116559,cell surface protein adesao,Lacticaseibacillus rhamnosus,1
116559,cell surface protein adesao,Lacticaseibacillus rhamnosus,1
116559,cell surface protein adesao,Lacticaseibacillus rhamnosus,1
116559,cell surface protein adesao,Lacticaseibacillus rhamnosus,1
116559,cell surface protein adesao,Lacticaseibacillus rhamnosus,1
116559,cell surface protein adesao,Lacticaseibacillus rhamnosus,1
116607,glycosyl transferase family 1 EPS,Lacticaseibacillus rhamnosus,1
116608,histidine kinase EPS,Lacticaseibacillus rhamnosus,1
116609,tyrosine protein kinase EPS,Lacticaseibacillus rhamnosus,1
116610,LPS biosynthesis protein EPS,Lacticaseibacillus rhamnosus,1
116792,sugar tyrosine-protein kinase EPS,Lacticaseibacillus rhamnosus,1
117215,MFS transporter bacteriocina,Lacticaseibacillus rhamnosus,1
117216,Rrf2 family transcriptional regulator bacteriocina,Lacticaseibacillus rhamnosus,1
117223,bacteriocin cleavage/export ABC transporter bacteriocina,Lacticaseibacillus rhamnosus,1
117356,acyltransferase EPS,Lacticaseibacillus rhamnosus,1
117357,glycosyltransferase EPS,Lacticaseibacillus rhamnosus,1
117357,glycosyltransferase EPS,Lacticaseibacillus rhamnosus,1
117422,alpha-glucosidase adesao,Lacticaseibacillus rhamnosus,1
127195,pilus assembly protein adesao,Lacticaseibacillus rhamnosus,1
127195,pilus assembly protein adesao,Lacticaseibacillus rhamnosus,1
127197,hypothetical protein BVH57_03480 bacteriocina,Lacticaseibacillus rhamnosus,1
127290,pilus assembly protein adesao,Lacticaseibacillus rhamnosus,1
127290,pilus assembly protein adesao,Lacticaseibacillus rhamnosus,1
128404,multidrug MFS transporter EPD,Lacticaseibacillus rhamnosus,1
128405,competence protein ComGC adesao,Lacticaseibacillus rhamnosus,1
128456,glycoside hydrolase adesao,Lacticaseibacillus rhamnosus,1
128463,cell surface protein adesao,Lacticaseibacillus rhamnosus,1
128463,cell surface protein adesao,Lacticaseibacillus rhamnosus,1
128463,cell surface protein adesao,Lacticaseibacillus rhamnosus,1
128463,cell surface protein adesao,Lacticaseibacillus rhamnosus,1
128463,cell surface protein adesao,Lacticaseibacillus rhamnosus,1
128463,cell surface protein adesao,Lacticaseibacillus rhamnosus,1
128463,cell surface protein adesao,Lacticaseibacillus rhamnosus,1
128481,peptidase adesao,Lacticaseibacillus rhamnosus,1
128481,peptidase adesao,Lacticaseibacillus rhamnosus,1
128481,peptidase adesao,Lacticaseibacillus rhamnosus,1
128502,cell surface protein adesao,Lacticaseibacillus rhamnosus,1
128502,cell surface protein adesao,Lacticaseibacillus rhamnosus,1
128502,cell surface protein adesao,Lacticaseibacillus rhamnosus,1
128502,cell surface protein adesao,Lacticaseibacillus rhamnosus,1
128502,cell surface protein adesao,Lacticaseibacillus rhamnosus,1
128502,cell surface protein adesao,Lacticaseibacillus rhamnosus,1
128502,cell surface protein adesao,Lacticaseibacillus rhamnosus,1
128529,cell surface protein adesao,Lacticaseibacillus rhamnosus,1
128529,cell surface protein adesao,Lacticaseibacillus rhamnosus,1
128529,cell surface protein adesao,Lacticaseibacillus rhamnosus,1
128529,cell surface protein adesao,Lacticaseibacillus rhamnosus,1
128529,cell surface protein adesao,Lacticaseibacillus rhamnosus,1
128529,cell surface protein adesao,Lacticaseibacillus rhamnosus,1
128529,cell surface protein adesao,Lacticaseibacillus rhamnosus,1
128530,cell surface protein adesao,Lacticaseibacillus rhamnosus,1
128530,cell surface protein adesao,Lacticaseibacillus rhamnosus,1
128530,cell surface protein adesao,Lacticaseibacillus rhamnosus,1
128530,cell surface protein adesao,Lacticaseibacillus rhamnosus,1
128530,cell surface protein adesao,Lacticaseibacillus rhamnosus,1
128530,cell surface protein adesao,Lacticaseibacillus rhamnosus,1
128530,cell surface protein adesao,Lacticaseibacillus rhamnosus,1
128539,peptidase S8 adesao,Lacticaseibacillus rhamnosus,1
128601,hypothetical protein BVH57_03655 adesao,Lacticaseibacillus rhamnosus,1
128604,bacteriocin immunity protein bacteriocina,Lacticaseibacillus rhamnosus,1
128604,bacteriocin immunity protein bacteriocina,Lacticaseibacillus rhamnosus,1
128604,bacteriocin immunity protein bacteriocina,Lacticaseibacillus rhamnosus,1
128646,peptidoglycan-binding protein LysM adesao,Lacticaseibacillus rhamnosus,1
128661,bacteriocin immunity protein bacteriocina,Lacticaseibacillus rhamnosus,1
128661,bacteriocin immunity protein bacteriocina,Lacticaseibacillus rhamnosus,1
128661,bacteriocin immunity protein bacteriocina,Lacticaseibacillus rhamnosus,1
128662,bacteriocin leader domain-containing protein bacteriocina,Lacticaseibacillus rhamnosus,1
128664,CPBP family intramembrane metalloprotease bacteriocina,Lacticaseibacillus rhamnosus,1
128665,bacteriocin immunity protein bacteriocina,Lacticaseibacillus rhamnosus,1
128665,bacteriocin immunity protein bacteriocina,Lacticaseibacillus rhamnosus,1
128665,bacteriocin immunity protein bacteriocina,Lacticaseibacillus rhamnosus,1
128675,peptidoglycan-binding protein adesao,Lacticaseibacillus rhamnosus,1
128683,internalin adesao,Lacticaseibacillus rhamnosus,2
128683,internalin adesao,Lacticaseibacillus rhamnosus,2
128684,cell surface protein adesao,Lacticaseibacillus rhamnosus,1
128684,cell surface protein adesao,Lacticaseibacillus rhamnosus,1
128684,cell surface protein adesao,Lacticaseibacillus rhamnosus,1
128684,cell surface protein adesao,Lacticaseibacillus rhamnosus,1
128684,cell surface protein adesao,Lacticaseibacillus rhamnosus,1
128684,cell surface protein adesao,Lacticaseibacillus rhamnosus,1
128684,cell surface protein adesao,Lacticaseibacillus rhamnosus,1
128718,bacteriocin ABC transporter permease bacteriocina,Lacticaseibacillus rhamnosus,1
128720,peptidase adesao,Lacticaseibacillus rhamnosus,1
128720,peptidase adesao,Lacticaseibacillus rhamnosus,1
128720,peptidase adesao,Lacticaseibacillus rhamnosus,1
128732,hypothetical protein BVH57_14510 adesao,Lacticaseibacillus rhamnosus,1
128751,matrix-binding protein adesao,Lacticaseibacillus rhamnosus,1
128755,hypothetical protein BVH57_05610 EPS,Lacticaseibacillus rhamnosus,1
134712,bifunctional folylpolyglutamate synthase/dihydrofolate synthase folC acido folico,Lactiplantibacillus pentosus,1
134712,bifunctional folylpolyglutamate synthase/dihydrofolate synthase folC acido folico,Lactiplantibacillus pentosus,1
134783,dihydroneopterin aldolase folB,Lactiplantibacillus pentosus,1
135440,aminodeoxychorismate/anthranilate synthase component II pabA acido folico,Lactiplantibacillus pentosus,1
135479,signal peptidase II adesao,Lactiplantibacillus pentosus,1
135516,bifunctional folylpolyglutamate synthase/dihydrofolate synthase folC acido folico,Lactiplantibacillus pentosus,1
135516,bifunctional folylpolyglutamate synthase/dihydrofolate synthase folC acido folico,Lactiplantibacillus pentosus,1
135861,dihydrofolate reductase acido folico,Lactiplantibacillus pentosus,1
136018,peroxide stress protein YaaA resistencia peroxido,Lactiplantibacillus pentosus,1
136618,anthranilate synthase component I family protein pabB cido folico,Lactiplantibacillus pentosus,1
143834,mucus-binding protein adesao,Lactiplantibacillus pentosus,1
143834,mucus-binding protein adesao,Lactiplantibacillus pentosus,1
143932,mucus-binding protein adesao,Lactiplantibacillus pentosus,1
143932,mucus-binding protein adesao,Lactiplantibacillus pentosus,1
