cluster,proteina,bacteria,quantidade
82,co-chaperone GroES resistencia estresse,Lactiplantibacillus pentosus,1
82,co-chaperone GroES estresse calor,Lacticaseibacillus casei FBL6,3
82,co-chaperone GroES estresse calor,Lacticaseibacillus zeae FBL8,3
82,co-chaperone GroES estresse calor,Lacticaseibacillus chiayiensis FBL7,3
455,molecular chaperone DnaK adesao,Lactiplantibacillus pentosus,1
455,molecular chaperone DnaK estresse calor,Lacticaseibacillus casei FBL6,3
455,molecular chaperone DnaK estresse calor,Lacticaseibacillus zeae FBL8,3
455,molecular chaperone DnaK estresse calor,Lacticaseibacillus chiayiensis FBL7,3
573,dTDP-4-dehydrorhamnose 3,5-epimerase EPS,Lacticaseibacillus rhamnosus,1
998,UDP-N-acetylglucosamine 2-epimerase (non-hydrolyzing) EPS,Lacticaseibacillus rhamnosus,1
1031,F0F1 ATP synthase subunit beta resistencia acido gastro,Lacticaseibacillus casei FBL6,3
1031,F0F1 ATP synthase subunit beta resistencia acido gastro,Lacticaseibacillus zeae FBL8,3
1031,F0F1 ATP synthase subunit beta resistencia acido gastro,Lacticaseibacillus chiayiensis FBL7,3
1357,glucose-1-phosphate thymidylyltransferase EPS,Lacticaseibacillus rhamnosus,1
1437,glycosyltransferase EPS,Lacticaseibacillus rhamnosus,1
1437,glycosyltransferase EPS,Lacticaseibacillus rhamnosus,1
1909,triose-phosphate isomerase metabolismo carbono,Lactiplantibacillus pentosus,1
3179,glucose-6-phosphate isomerase metabolismo carbono,Lactiplantibacillus pentosus,1
3377,aminodeoxychorismate/anthranilate synthase component II pabA acido folico,Lactiplantibacillus pentosus,1
6979,Hsp33 family molecular chaperone HslO estresse calor,Lacticaseibacillus casei FBL6,3
6979,Hsp33 family molecular chaperone HslO estresse calor,Lacticaseibacillus zeae FBL8,3
6979,Hsp33 family molecular chaperone HslO estresse calor,Lacticaseibacillus chiayiensis FBL7,3
7033,F0F1 ATP synthase subunit A resistencia acido gastro,Lacticaseibacillus casei FBL6,3
7033,F0F1 ATP synthase subunit A resistencia acido gastro,Lacticaseibacillus zeae FBL8,3
7033,F0F1 ATP synthase subunit A resistencia acido gastro,Lacticaseibacillus chiayiensis FBL7,3
7034,F0F1 ATP synthase subunit C resistencia acido gastro,Lacticaseibacillus casei FBL6,3
7034,F0F1 ATP synthase subunit C resistencia acido gastro,Lacticaseibacillus zeae FBL8,3
7034,F0F1 ATP synthase subunit C resistencia acido gastro,Lacticaseibacillus chiayiensis FBL7,3
7035,F0F1 ATP synthase subunit B resistencia acido gastro,Lacticaseibacillus casei FBL6,3
7035,F0F1 ATP synthase subunit B resistencia acido gastro,Lacticaseibacillus zeae FBL8,3
7035,F0F1 ATP synthase subunit B resistencia acido gastro,Lacticaseibacillus chiayiensis FBL7,3
7036,F0F1 ATP synthase subunit alpha resistencia acido gastro,Lacticaseibacillus casei FBL6,3
7036,F0F1 ATP synthase subunit alpha resistencia acido gastro,Lacticaseibacillus zeae FBL8,3
7036,F0F1 ATP synthase subunit alpha resistencia acido gastro,Lacticaseibacillus chiayiensis FBL7,3
7037,F0F1 ATP synthase subunit gamma resistencia acido gastro,Lacticaseibacillus casei FBL6,3
7037,F0F1 ATP synthase subunit gamma resistencia acido gastro,Lacticaseibacillus zeae FBL8,3
7037,F0F1 ATP synthase subunit gamma resistencia acido gastro,Lacticaseibacillus chiayiensis FBL7,3
7038,F0F1 ATP synthase subunit epsilon resistencia acido gastro,Lacticaseibacillus casei FBL6,3
7038,F0F1 ATP synthase subunit epsilon resistencia acido gastro,Lacticaseibacillus zeae FBL8,3
7038,F0F1 ATP synthase subunit epsilon resistencia acido gastro,Lacticaseibacillus chiayiensis FBL7,3
7071,elongation factor Tu adesao,Lactiplantibacillus pentosus,4
7071,elongation factor Tu adesao,Lacticaseibacillus casei FBL6,4
7071,elongation factor Tu adesao,Lacticaseibacillus zeae FBL8,4
7071,elongation factor Tu adesao,Lacticaseibacillus chiayiensis FBL7,4
7100,chaperonin GroEL resistencia estresse,Lactiplantibacillus pentosus,1
7100,chaperonin GroEL estresse calor,Lacticaseibacillus casei FBL6,3
7100,chaperonin GroEL estresse calor,Lacticaseibacillus zeae FBL8,3
7100,chaperonin GroEL estresse calor,Lacticaseibacillus chiayiensis FBL7,3
7275,hypothetical protein BVH57_08230 adesao,Lacticaseibacillus rhamnosus,1
7277,signal peptidase II adesao,Lactiplantibacillus pentosus,1
7432,phosphoketolase family protein metabolismo carbono,Lactiplantibacillus pentosus,2
7432,phosphoketolase family protein metabolismo carbono,Lactiplantibacillus pentosus,2
7465,dihydroneopterin aldolase folB,Lactiplantibacillus pentosus,1
7859,nucleotide exchange factor GrpE estresse calor,Lacticaseibacillus casei FBL6,3
7859,nucleotide exchange factor GrpE estresse calor,Lacticaseibacillus zeae FBL8,3
7859,nucleotide exchange factor GrpE estresse calor,Lacticaseibacillus chiayiensis FBL7,3
8271,NAD(P)-dependent oxidoreductase EPS,Lacticaseibacillus rhamnosus,1
8342,tyrosine protein phosphatase EPS,Lacticaseibacillus rhamnosus,1
8362,exopolysaccharide biosynthesis protein EPS,Lacticaseibacillus rhamnosus,1
8486,bifunctional folylpolyglutamate synthase/dihydrofolate synthase folC acido folico,Lactiplantibacillus pentosus,1
8486,bifunctional folylpolyglutamate synthase/dihydrofolate synthase folC acido folico,Lactiplantibacillus pentosus,1
8569,dTDP-glucose 4,6-dehydratase EPS,Lacticaseibacillus rhamnosus,1
8574,peroxide stress protein YaaA resistencia peroxido,Lactiplantibacillus pentosus,1
8649,multidrug MFS transporter EPD,Lacticaseibacillus rhamnosus,1
27936,catalase antimicrobiana,Lactiplantibacillus pentosus,1
39817,Beta-galactosidase beta galactosidase,Bifidobacterium breve,1
39817,Beta-galactosidase beta galactosidase,Bifidobacterium breve,1
39886,dipeptidase acido biliar,Bifidobacterium adolescentis VKPM=Ac-1245,7
39886,dipeptidase acido biliar,Bifidobacterium bifidum VKPM=Ac-1579,7
39886,dipeptidase acido biliar,Bifidobacterium bifidum VKPM=Ac-1579,7
39886,dipeptidase acido biliar,Bifidobacterium longum VKPM=Ac-1635,7
39886,dipeptidase acido biliar,Bifidobacterium longum VKPM=Ac-1635,7
39886,dipeptidase acido biliar,Bifidobacterium bifidum VKPM=Ac-1784,7
39886,dipeptidase acido biliar,Bifidobacterium bifidum VKPM=Ac-1784,7
40083,Phospholipase/carboxylesterase family protein fosfolipase,Bifidobacterium breve,1
40083,Phospholipase/carboxylesterase family protein fosfolipase,Bifidobacterium breve,1
40083,Phospholipase/carboxylesterase family protein fosfolipase,Bifidobacterium breve,1
40547,Phospholipase, patatin family fosfolipase,Bifidobacterium breve,1
40981,Beta-galactosidase  beta galactosidase,Bifidobacterium breve,1
40990,Phospholipase/carboxylesterase family protein fosfolipase,Bifidobacterium breve,1
40990,Phospholipase/carboxylesterase family protein fosfolipase,Bifidobacterium breve,1
40990,Phospholipase/carboxylesterase family protein fosfolipase,Bifidobacterium breve,1
41017,choloylglycine hydrolase acido biliar,Bifidobacterium adolescentis VKPM=Ac-1245,4
41017,choloylglycine hydrolase acido biliar,Bifidobacterium bifidum VKPM=Ac-1579,4
41017,choloylglycine hydrolase acido biliar,Bifidobacterium longum VKPM=Ac-1635,4
41017,choloylglycine hydrolase acido biliar,Bifidobacterium bifidum VKPM=Ac-1784,4
41182,Putative lysophospholipase fosfolipase,Bifidobacterium breve,1
41514,MFS transporter acido biliar,Bifidobacterium adolescentis VKPM=Ac-1245,4
41514,MFS transporter acido biliar,Bifidobacterium bifidum VKPM=Ac-1579,4
41514,MFS transporter acido biliar,Bifidobacterium longum VKPM=Ac-1635,4
41514,MFS transporter acido biliar,Bifidobacterium bifidum VKPM=Ac-1784,4
41747,Beta-galactosidase beta galactosidase,Bifidobacterium breve,1
41747,Beta-galactosidase beta galactosidase,Bifidobacterium breve,1
41812,Alpha-mannosidase manosidase,Bifidobacterium breve,1
41948,bacteriocin cleavage/export ABC transporter bacteriocina,Lacticaseibacillus rhamnosus,1
42698,Phospholipase/carboxylesterase family protein fosfolipase,Bifidobacterium breve,1
42698,Phospholipase/carboxylesterase family protein fosfolipase,Bifidobacterium breve,1
42698,Phospholipase/carboxylesterase family protein fosfolipase,Bifidobacterium breve,1
50265,Sialidase A sialidase,Bifidobacterium breve,1
50303,Alpha-1,3/4-fucosidase, putative fucosidase,Bifidobacterium breve,1
50468,Putative extracellular lysophospholipase fosfolipase,Bifidobacterium breve,1
73053,UDP-phosphate galactose phosphotransferase EPS,Lacticaseibacillus rhamnosus,1
73474,peptidase S41 adesao,Lacticaseibacillus rhamnosus,1
76154,F0F1 ATP synthase subunit delta resistencia acido gastro,Lacticaseibacillus casei FBL6,3
76154,F0F1 ATP synthase subunit delta resistencia acido gastro,Lacticaseibacillus zeae FBL8,3
76154,F0F1 ATP synthase subunit delta resistencia acido gastro,Lacticaseibacillus chiayiensis FBL7,3
76217,1,4-beta-N-acetylmuramidase EPS,Lacticaseibacillus rhamnosus,1
76218,glycosyltransferase EPS,Lacticaseibacillus rhamnosus,1
76218,glycosyltransferase EPS,Lacticaseibacillus rhamnosus,1
76220,glycosyl transferase EPS,Lacticaseibacillus rhamnosus,1
76220,glycosyl transferase EPS,Lacticaseibacillus rhamnosus,1
76220,glycosyl transferase EPS,Lacticaseibacillus rhamnosus,1
76220,glycosyl transferase EPS,Lacticaseibacillus rhamnosus,1
76220,glycosyl transferase EPS,Lacticaseibacillus rhamnosus,1
76220,glycosyl transferase EPS,Lacticaseibacillus rhamnosus,1
76220,glycosyl transferase EPS,Lacticaseibacillus rhamnosus,1
76221,glycosyl transferase family 2 EPS,Lacticaseibacillus rhamnosus,1
76225,transcriptional regulator EPS,Lacticaseibacillus rhamnosus,1
76280,linear amide C-N hydrolase/choloylglycine hydrolase (BHS) acido biliar,Lacticaseibacillus casei FBL6,3
76280,linear amide C-N hydrolase/choloylglycine hydrolase (BHS) acido biliar,Lacticaseibacillus zeae FBL8,3
76280,linear amide C-N hydrolase/choloylglycine hydrolase (BHS) acido biliar,Lacticaseibacillus chiayiensis FBL7,3
76387,peptidase M23 adesao,Lacticaseibacillus rhamnosus,1
76432,cell surface protein adesao,Lacticaseibacillus rhamnosus,1
76432,cell surface protein adesao,Lacticaseibacillus rhamnosus,1
76432,cell surface protein adesao,Lacticaseibacillus rhamnosus,1
76432,cell surface protein adesao,Lacticaseibacillus rhamnosus,1
76432,cell surface protein adesao,Lacticaseibacillus rhamnosus,1
76432,cell surface protein adesao,Lacticaseibacillus rhamnosus,1
76432,cell surface protein adesao,Lacticaseibacillus rhamnosus,1
76433,cell surface protein adesao,Lacticaseibacillus rhamnosus,1
76433,cell surface protein adesao,Lacticaseibacillus rhamnosus,1
76433,cell surface protein adesao,Lacticaseibacillus rhamnosus,1
76433,cell surface protein adesao,Lacticaseibacillus rhamnosus,1
76433,cell surface protein adesao,Lacticaseibacillus rhamnosus,1
76433,cell surface protein adesao,Lacticaseibacillus rhamnosus,1
76433,cell surface protein adesao,Lacticaseibacillus rhamnosus,1
76506,capsular biosynthesis protein EPS,Lacticaseibacillus rhamnosus,1
76510,hypothetical protein BVH57_12755 adesao,Lacticaseibacillus rhamnosus,1
76511,cell surface protein adesao,Lacticaseibacillus rhamnosus,1
76511,cell surface protein adesao,Lacticaseibacillus rhamnosus,1
76511,cell surface protein adesao,Lacticaseibacillus rhamnosus,1
76511,cell surface protein adesao,Lacticaseibacillus rhamnosus,1
76511,cell surface protein adesao,Lacticaseibacillus rhamnosus,1
76511,cell surface protein adesao,Lacticaseibacillus rhamnosus,1
76511,cell surface protein adesao,Lacticaseibacillus rhamnosus,1
76550,glycosyl transferase family 1 EPS,Lacticaseibacillus rhamnosus,1
76551,histidine kinase EPS,Lacticaseibacillus rhamnosus,1
76552,tyrosine protein kinase EPS,Lacticaseibacillus rhamnosus,1
76553,LPS biosynthesis protein EPS,Lacticaseibacillus rhamnosus,1
76557,cell surface protein adesao,Lacticaseibacillus rhamnosus,1
76557,cell surface protein adesao,Lacticaseibacillus rhamnosus,1
76557,cell surface protein adesao,Lacticaseibacillus rhamnosus,1
76557,cell surface protein adesao,Lacticaseibacillus rhamnosus,1
76557,cell surface protein adesao,Lacticaseibacillus rhamnosus,1
76557,cell surface protein adesao,Lacticaseibacillus rhamnosus,1
76557,cell surface protein adesao,Lacticaseibacillus rhamnosus,1
76633,bacteriocin leader domain-containing protein bacteriocina,Lacticaseibacillus rhamnosus,1
76668,sugar tyrosine-protein kinase EPS,Lacticaseibacillus rhamnosus,1
76804,competence protein ComGC adesao,Lacticaseibacillus rhamnosus,1
76836,bacteriocin immunity protein bacteriocina,Lacticaseibacillus rhamnosus,1
76836,bacteriocin immunity protein bacteriocina,Lacticaseibacillus rhamnosus,1
76836,bacteriocin immunity protein bacteriocina,Lacticaseibacillus rhamnosus,1
76960,MFS transporter bacteriocina,Lacticaseibacillus rhamnosus,1
76961,Rrf2 family transcriptional regulator bacteriocina,Lacticaseibacillus rhamnosus,1
76967,bacteriocin ABC transporter permease bacteriocina,Lacticaseibacillus rhamnosus,1
76991,hypothetical protein BVH57_03480 bacteriocina,Lacticaseibacillus rhamnosus,1
77027,bacteriocin immunity protein bacteriocina,Lacticaseibacillus rhamnosus,1
77027,bacteriocin immunity protein bacteriocina,Lacticaseibacillus rhamnosus,1
77027,bacteriocin immunity protein bacteriocina,Lacticaseibacillus rhamnosus,1
77030,bacteriocin immunity protein bacteriocina,Lacticaseibacillus rhamnosus,1
77030,bacteriocin immunity protein bacteriocina,Lacticaseibacillus rhamnosus,1
77030,bacteriocin immunity protein bacteriocina,Lacticaseibacillus rhamnosus,1
77062,acyltransferase EPS,Lacticaseibacillus rhamnosus,1
77112,alpha-glucosidase adesao,Lacticaseibacillus rhamnosus,1
77221,hypothetical protein BVH57_05610 EPS,Lacticaseibacillus rhamnosus,1
82618,peptidoglycan-binding protein LysM adesao,Lacticaseibacillus rhamnosus,1
82645,CPBP family intramembrane metalloprotease bacteriocina,Lacticaseibacillus rhamnosus,1
82719,hypothetical protein BVH57_03655 adesao,Lacticaseibacillus rhamnosus,1
82844,pilus assembly protein adesao,Lacticaseibacillus rhamnosus,1
82844,pilus assembly protein adesao,Lacticaseibacillus rhamnosus,1
82925,pilus assembly protein adesao,Lacticaseibacillus rhamnosus,1
82925,pilus assembly protein adesao,Lacticaseibacillus rhamnosus,1
83725,glycoside hydrolase adesao,Lacticaseibacillus rhamnosus,1
83743,peptidase adesao,Lacticaseibacillus rhamnosus,1
83743,peptidase adesao,Lacticaseibacillus rhamnosus,1
83743,peptidase adesao,Lacticaseibacillus rhamnosus,1
83769,cell surface protein adesao,Lacticaseibacillus rhamnosus,1
83769,cell surface protein adesao,Lacticaseibacillus rhamnosus,1
83769,cell surface protein adesao,Lacticaseibacillus rhamnosus,1
83769,cell surface protein adesao,Lacticaseibacillus rhamnosus,1
83769,cell surface protein adesao,Lacticaseibacillus rhamnosus,1
83769,cell surface protein adesao,Lacticaseibacillus rhamnosus,1
83769,cell surface protein adesao,Lacticaseibacillus rhamnosus,1
83774,peptidase S8 adesao,Lacticaseibacillus rhamnosus,1
83844,peptidoglycan-binding protein adesao,Lacticaseibacillus rhamnosus,1
83848,internalin adesao,Lacticaseibacillus rhamnosus,2
83848,internalin adesao,Lacticaseibacillus rhamnosus,2
83849,cell surface protein adesao,Lacticaseibacillus rhamnosus,1
83849,cell surface protein adesao,Lacticaseibacillus rhamnosus,1
83849,cell surface protein adesao,Lacticaseibacillus rhamnosus,1
83849,cell surface protein adesao,Lacticaseibacillus rhamnosus,1
83849,cell surface protein adesao,Lacticaseibacillus rhamnosus,1
83849,cell surface protein adesao,Lacticaseibacillus rhamnosus,1
83849,cell surface protein adesao,Lacticaseibacillus rhamnosus,1
83876,peptidase adesao,Lacticaseibacillus rhamnosus,1
83876,peptidase adesao,Lacticaseibacillus rhamnosus,1
83876,peptidase adesao,Lacticaseibacillus rhamnosus,1
83888,hypothetical protein BVH57_14510 adesao,Lacticaseibacillus rhamnosus,1
83905,matrix-binding protein adesao,Lacticaseibacillus rhamnosus,1
83912,adhesin adesao,Lacticaseibacillus rhamnosus,1
87335,bifunctional folylpolyglutamate synthase/dihydrofolate synthase folC acido folico,Lactiplantibacillus pentosus,1
87335,bifunctional folylpolyglutamate synthase/dihydrofolate synthase folC acido folico,Lactiplantibacillus pentosus,1
87721,mucus-binding protein adesao,Lactiplantibacillus pentosus,1
87721,mucus-binding protein adesao,Lactiplantibacillus pentosus,1
87950,dihydrofolate reductase acido folico,Lactiplantibacillus pentosus,1
88407,anthranilate synthase component I family protein pabB cido folico,Lactiplantibacillus pentosus,1
89490,hypothetical protein BVH57_05375 EPS,Lacticaseibacillus rhamnosus,1
92774,mucus-binding protein adesao,Lactiplantibacillus pentosus,1
92774,mucus-binding protein adesao,Lactiplantibacillus pentosus,1
