82,co-chaperone GroES estresse calor [Lacticaseibacillus chiayiensis FBL7]
455,molecular chaperone DnaK estresse calor [Lacticaseibacillus chiayiensis FBL7]
573,dTDP-4-dehydrorhamnose 3,5-epimerase EPS [Lacticaseibacillus rhamnosus]
998,UDP-N-acetylglucosamine 2-epimerase (non-hydrolyzing) EPS [Lacticaseibacillus rhamnosus]
1031,F0F1 ATP synthase subunit beta resistencia acido gastro [Lacticaseibacillus chiayiensis FBL7]
1357,glucose-1-phosphate thymidylyltransferase EPS [Lacticaseibacillus rhamnosus]
1437,glycosyltransferase EPS [Lacticaseibacillus rhamnosus]
1909,triose-phosphate isomerase metabolismo carbono [Lactiplantibacillus pentosus]
3179,glucose-6-phosphate isomerase metabolismo carbono [Lactiplantibacillus pentosus]
3377,aminodeoxychorismate/anthranilate synthase component II pabA acido folico [Lactiplantibacillus pentosus]
6979,Hsp33 family molecular chaperone HslO estresse calor [Lacticaseibacillus chiayiensis FBL7]
7033,F0F1 ATP synthase subunit A resistencia acido gastro [Lacticaseibacillus chiayiensis FBL7]
7034,F0F1 ATP synthase subunit C resistencia acido gastro [Lacticaseibacillus chiayiensis FBL7]
7035,F0F1 ATP synthase subunit B resistencia acido gastro [Lacticaseibacillus chiayiensis FBL7]
7036,F0F1 ATP synthase subunit alpha resistencia acido gastro [Lacticaseibacillus chiayiensis FBL7]
7037,F0F1 ATP synthase subunit gamma resistencia acido gastro [Lacticaseibacillus chiayiensis FBL7]
7038,F0F1 ATP synthase subunit epsilon resistencia acido gastro [Lacticaseibacillus chiayiensis FBL7]
7071,elongation factor Tu adesao [Lacticaseibacillus chiayiensis FBL7]
7100,chaperonin GroEL estresse calor [Lacticaseibacillus chiayiensis FBL7]
7275,hypothetical protein BVH57_08230 adesao [Lacticaseibacillus rhamnosus]
7277,signal peptidase II adesao [Lactiplantibacillus pentosus]
7432,phosphoketolase family protein metabolismo carbono [Lactiplantibacillus pentosus]
7465,dihydroneopterin aldolase folB [Lactiplantibacillus pentosus]
7859,nucleotide exchange factor GrpE estresse calor [Lacticaseibacillus chiayiensis FBL7]
8271,NAD(P)-dependent oxidoreductase EPS [Lacticaseibacillus rhamnosus]
8342,tyrosine protein phosphatase EPS [Lacticaseibacillus rhamnosus]
8362,exopolysaccharide biosynthesis protein EPS [Lacticaseibacillus rhamnosus]
8486,bifunctional folylpolyglutamate synthase/dihydrofolate synthase folC acido folico [Lactiplantibacillus pentosus]
8569,dTDP-glucose 4,6-dehydratase EPS [Lacticaseibacillus rhamnosus]
8574,peroxide stress protein YaaA resistencia peroxido [Lactiplantibacillus pentosus]
8649,multidrug MFS transporter EPD [Lacticaseibacillus rhamnosus]
27936,catalase antimicrobiana [Lactiplantibacillus pentosus]
39817,Beta-galactosidase beta galactosidase [Bifidobacterium breve]
39886,dipeptidase acido biliar [Bifidobacterium bifidum VKPM=Ac-1784]
40083,Phospholipase/carboxylesterase family protein fosfolipase [Bifidobacterium breve]
40547,Phospholipase, patatin family fosfolipase [Bifidobacterium breve]
40981,Beta-galactosidase  beta galactosidase [Bifidobacterium breve]
40990,Phospholipase/carboxylesterase family protein fosfolipase [Bifidobacterium breve]
41017,choloylglycine hydrolase acido biliar [Bifidobacterium bifidum VKPM=Ac-1784]
41182,Putative lysophospholipase fosfolipase [Bifidobacterium breve]
41514,MFS transporter acido biliar [Bifidobacterium bifidum VKPM=Ac-1784]
41747,Beta-galactosidase beta galactosidase [Bifidobacterium breve]
41812,Alpha-mannosidase manosidase [Bifidobacterium breve]
41948,bacteriocin cleavage/export ABC transporter bacteriocina [Lacticaseibacillus rhamnosus]
42698,Phospholipase/carboxylesterase family protein fosfolipase [Bifidobacterium breve]
50265,Sialidase A sialidase [Bifidobacterium breve]
50303,Alpha-1,3/4-fucosidase, putative fucosidase [Bifidobacterium breve]
50468,Putative extracellular lysophospholipase fosfolipase [Bifidobacterium breve]
73053,UDP-phosphate galactose phosphotransferase EPS [Lacticaseibacillus rhamnosus]
73474,peptidase S41 adesao [Lacticaseibacillus rhamnosus]
76154,F0F1 ATP synthase subunit delta resistencia acido gastro [Lacticaseibacillus chiayiensis FBL7]
76217,1,4-beta-N-acetylmuramidase EPS [Lacticaseibacillus rhamnosus]
76218,glycosyltransferase EPS [Lacticaseibacillus rhamnosus]
76220,glycosyl transferase EPS [Lacticaseibacillus rhamnosus]
76221,glycosyl transferase family 2 EPS [Lacticaseibacillus rhamnosus]
76225,transcriptional regulator EPS [Lacticaseibacillus rhamnosus]
76280,linear amide C-N hydrolase/choloylglycine hydrolase (BHS) acido biliar [Lacticaseibacillus chiayiensis FBL7]
76387,peptidase M23 adesao [Lacticaseibacillus rhamnosus]
76432,cell surface protein adesao [Lacticaseibacillus rhamnosus]
76433,cell surface protein adesao [Lacticaseibacillus rhamnosus]
76506,capsular biosynthesis protein EPS [Lacticaseibacillus rhamnosus]
76510,hypothetical protein BVH57_12755 adesao [Lacticaseibacillus rhamnosus]
76511,cell surface protein adesao [Lacticaseibacillus rhamnosus]
76550,glycosyl transferase family 1 EPS [Lacticaseibacillus rhamnosus]
76551,histidine kinase EPS [Lacticaseibacillus rhamnosus]
76552,tyrosine protein kinase EPS [Lacticaseibacillus rhamnosus]
76553,LPS biosynthesis protein EPS [Lacticaseibacillus rhamnosus]
76557,cell surface protein adesao [Lacticaseibacillus rhamnosus]
76633,bacteriocin leader domain-containing protein bacteriocina [Lacticaseibacillus rhamnosus]
76668,sugar tyrosine-protein kinase EPS [Lacticaseibacillus rhamnosus]
76804,competence protein ComGC adesao [Lacticaseibacillus rhamnosus]
76836,bacteriocin immunity protein bacteriocina [Lacticaseibacillus rhamnosus]
76960,MFS transporter bacteriocina [Lacticaseibacillus rhamnosus]
76961,Rrf2 family transcriptional regulator bacteriocina [Lacticaseibacillus rhamnosus]
76967,bacteriocin ABC transporter permease bacteriocina [Lacticaseibacillus rhamnosus]
76991,hypothetical protein BVH57_03480 bacteriocina [Lacticaseibacillus rhamnosus]
77027,bacteriocin immunity protein bacteriocina[Lacticaseibacillus rhamnosus]
77030,bacteriocin immunity protein bacteriocina [Lacticaseibacillus rhamnosus]
77062,acyltransferase EPS [Lacticaseibacillus rhamnosus]
77112,alpha-glucosidase adesao [Lacticaseibacillus rhamnosus]
77221,hypothetical protein BVH57_05610 EPS [Lacticaseibacillus rhamnosus]
82618,peptidoglycan-binding protein LysM adesao [Lacticaseibacillus rhamnosus]
82645,CPBP family intramembrane metalloprotease bacteriocina [Lacticaseibacillus rhamnosus]
82719,hypothetical protein BVH57_03655 adesao [Lacticaseibacillus rhamnosus]
82844,pilus assembly protein adesao [Lacticaseibacillus rhamnosus]
82925,pilus assembly protein adesao [Lacticaseibacillus rhamnosus]
83725,glycoside hydrolase adesao [Lacticaseibacillus rhamnosus]
83743,peptidase adesao [Lacticaseibacillus rhamnosus]
83769,cell surface protein adesao [Lacticaseibacillus rhamnosus]
83774,peptidase S8 adesao [Lacticaseibacillus rhamnosus]
83844,peptidoglycan-binding protein adesao [Lacticaseibacillus rhamnosus]
83848,internalin adesao [Lacticaseibacillus rhamnosus]
83849,cell surface protein adesao [Lacticaseibacillus rhamnosus]
83876,peptidase adesao [Lacticaseibacillus rhamnosus]
83888,hypothetical protein BVH57_14510 adesao [Lacticaseibacillus rhamnosus]
83905,matrix-binding protein adesao [Lacticaseibacillus rhamnosus]
83912,adhesin adesao [Lacticaseibacillus rhamnosus]
87335,bifunctional folylpolyglutamate synthase/dihydrofolate synthase folC acido folico [Lactiplantibacillus pentosus]
87721,mucus-binding protein adesao [Lactiplantibacillus pentosus]
87950,dihydrofolate reductase acido folico [Lactiplantibacillus pentosus]
88407,anthranilate synthase component I family protein pabB cido folico [Lactiplantibacillus pentosus]
89490,hypothetical protein BVH57_05375 EPS [Lacticaseibacillus rhamnosus]
92774,mucus-binding protein adesao [Lactiplantibacillus pentosus]
